FirstName,LastName,EmailAddress,PhoneNumber,StreetAddress,CityName,StateName,ZipCode,Column_09,Column_10,Column_11,Column_12,Column_13,Column_14,Column_15,Column_16,Column_17,Column_18,Column_19,Column_20,Column_21,Column_22,Column_23,Column_24,Column_25,Column_26,Column_27,Column_28,Column_29,Column_30,Column_31,Column_32,Column_33,Column_34,Column_35,Column_36,Column_37,Column_38,Column_39,Column_40,Column_41,Column_42,Column_43,Column_44,Column_45,Column_46,Column_47,Column_48,Column_49,Column_50,Column_51,Column_52,Column_53,Column_54,Column_55,Column_56,Column_57,Column_58,Column_59,Column_60,Column_61,Column_62,Column_63,Column_64,Column_65,Column_66,Column_67,Column_68,Column_69,Column_70,Column_71,Column_72,Column_73,Column_74,Column_75,Column_76,Column_77,Column_78,Column_79,Column_80,Column_81,Column_82,Column_83,Column_84,Column_85,Column_86,Column_87,Column_88,Column_89,Column_90,Column_91,Column_92,Column_93,Column_94,Column_95,Column_96,Column_97,Column_98,Column_99,Column_100
John,Doe,john.doe@example.com,555-1000,123 Main St,Springfield,IL,60000,Val_0_9,Val_0_10,Val_0_11,Val_0_12,Val_0_13,Val_0_14,Val_0_15,Val_0_16,Val_0_17,Val_0_18,Val_0_19,Val_0_20,Val_0_21,Val_0_22,Val_0_23,Val_0_24,Val_0_25,Val_0_26,Val_0_27,Val_0_28,Val_0_29,Val_0_30,Val_0_31,Val_0_32,Val_0_33,Val_0_34,Val_0_35,Val_0_36,Val_0_37,Val_0_38,Val_0_39,Val_0_40,Val_0_41,Val_0_42,Val_0_43,Val_0_44,Val_0_45,Val_0_46,Val_0_47,Val_0_48,Val_0_49,Val_0_50,Val_0_51,Val_0_52,Val_0_53,Val_0_54,Val_0_55,Val_0_56,Val_0_57,Val_0_58,Val_0_59,Val_0_60,Val_0_61,Val_0_62,Val_0_63,Val_0_64,Val_0_65,Val_0_66,Val_0_67,Val_0_68,Val_0_69,Val_0_70,Val_0_71,Val_0_72,Val_0_73,Val_0_74,Val_0_75,Val_0_76,Val_0_77,Val_0_78,Val_0_79,Val_0_80,Val_0_81,Val_0_82,Val_0_83,Val_0_84,Val_0_85,Val_0_86,Val_0_87,Val_0_88,Val_0_89,Val_0_90,Val_0_91,Val_0_92,Val_0_93,Val_0_94,Val_0_95,Val_0_96,Val_0_97,Val_0_98,Val_0_99,Val_0_100
Jane,Smith,jane.smith1@example.com,555-1001,456 Oak Ave,Portland,OR,60001,Val_1_9,Val_1_10,Val_1_11,Val_1_12,Val_1_13,Val_1_14,Val_1_15,Val_1_16,Val_1_17,Val_1_18,Val_1_19,Val_1_20,Val_1_21,Val_1_22,Val_1_23,Val_1_24,Val_1_25,Val_1_26,Val_1_27,Val_1_28,Val_1_29,Val_1_30,Val_1_31,Val_1_32,Val_1_33,Val_1_34,Val_1_35,Val_1_36,Val_1_37,Val_1_38,Val_1_39,Val_1_40,Val_1_41,Val_1_42,Val_1_43,Val_1_44,Val_1_45,Val_1_46,Val_1_47,Val_1_48,Val_1_49,Val_1_50,Val_1_51,Val_1_52,Val_1_53,Val_1_54,Val_1_55,Val_1_56,Val_1_57,Val_1_58,Val_1_59,Val_1_60,Val_1_61,Val_1_62,Val_1_63,Val_1_64,Val_1_65,Val_1_66,Val_1_67,Val_1_68,Val_1_69,Val_1_70,Val_1_71,Val_1_72,Val_1_73,Val_1_74,Val_1_75,Val_1_76,Val_1_77,Val_1_78,Val_1_79,Val_1_80,Val_1_81,Val_1_82,Val_1_83,Val_1_84,Val_1_85,Val_1_86,Val_1_87,Val_1_88,Val_1_89,Val_1_90,Val_1_91,Val_1_92,Val_1_93,Val_1_94,Val_1_95,Val_1_96,Val_1_97,Val_1_98,Val_1_99,Val_1_100
Bob,Johnson,bob.johnson2@example.com,555-1002,789 Pine Rd,Denver,CO,60002,Val_2_9,Val_2_10,Val_2_11,Val_2_12,Val_2_13,Val_2_14,Val_2_15,Val_2_16,Val_2_17,Val_2_18,Val_2_19,Val_2_20,Val_2_21,Val_2_22,Val_2_23,Val_2_24,Val_2_25,Val_2_26,Val_2_27,Val_2_28,Val_2_29,Val_2_30,Val_2_31,Val_2_32,Val_2_33,Val_2_34,Val_2_35,Val_2_36,Val_2_37,Val_2_38,Val_2_39,Val_2_40,Val_2_41,Val_2_42,Val_2_43,Val_2_44,Val_2_45,Val_2_46,Val_2_47,Val_2_48,Val_2_49,Val_2_50,Val_2_51,Val_2_52,Val_2_53,Val_2_54,Val_2_55,Val_2_56,Val_2_57,Val_2_58,Val_2_59,Val_2_60,Val_2_61,Val_2_62,Val_2_63,Val_2_64,Val_2_65,Val_2_66,Val_2_67,Val_2_68,Val_2_69,Val_2_70,Val_2_71,Val_2_72,Val_2_73,Val_2_74,Val_2_75,Val_2_76,Val_2_77,Val_2_78,Val_2_79,Val_2_80,Val_2_81,Val_2_82,Val_2_83,Val_2_84,Val_2_85,Val_2_86,Val_2_87,Val_2_88,Val_2_89,Val_2_90,Val_2_91,Val_2_92,Val_2_93,Val_2_94,Val_2_95,Val_2_96,Val_2_97,Val_2_98,Val_2_99,Val_2_100
Alice,Williams,alice.williams3@example.com,555-1003,321 Elm St,Austin,TX,60003,Val_3_9,Val_3_10,Val_3_11,Val_3_12,Val_3_13,Val_3_14,Val_3_15,Val_3_16,Val_3_17,Val_3_18,Val_3_19,Val_3_20,Val_3_21,Val_3_22,Val_3_23,Val_3_24,Val_3_25,Val_3_26,Val_3_27,Val_3_28,Val_3_29,Val_3_30,Val_3_31,Val_3_32,Val_3_33,Val_3_34,Val_3_35,Val_3_36,Val_3_37,Val_3_38,Val_3_39,Val_3_40,Val_3_41,Val_3_42,Val_3_43,Val_3_44,Val_3_45,Val_3_46,Val_3_47,Val_3_48,Val_3_49,Val_3_50,Val_3_51,Val_3_52,Val_3_53,Val_3_54,Val_3_55,Val_3_56,Val_3_57,Val_3_58,Val_3_59,Val_3_60,Val_3_61,Val_3_62,Val_3_63,Val_3_64,Val_3_65,Val_3_66,Val_3_67,Val_3_68,Val_3_69,Val_3_70,Val_3_71,Val_3_72,Val_3_73,Val_3_74,Val_3_75,Val_3_76,Val_3_77,Val_3_78,Val_3_79,Val_3_80,Val_3_81,Val_3_82,Val_3_83,Val_3_84,Val_3_85,Val_3_86,Val_3_87,Val_3_88,Val_3_89,Val_3_90,Val_3_91,Val_3_92,Val_3_93,Val_3_94,Val_3_95,Val_3_96,Val_3_97,Val_3_98,Val_3_99,Val_3_100
Charlie,Brown,charlie.brown4@example.com,555-1004,654 Maple Dr,Seattle,WA,60004,Val_4_9,Val_4_10,Val_4_11,Val_4_12,Val_4_13,Val_4_14,Val_4_15,Val_4_16,Val_4_17,Val_4_18,Val_4_19,Val_4_20,Val_4_21,Val_4_22,Val_4_23,Val_4_24,Val_4_25,Val_4_26,Val_4_27,Val_4_28,Val_4_29,Val_4_30,Val_4_31,Val_4_32,Val_4_33,Val_4_34,Val_4_35,Val_4_36,Val_4_37,Val_4_38,Val_4_39,Val_4_40,Val_4_41,Val_4_42,Val_4_43,Val_4_44,Val_4_45,Val_4_46,Val_4_47,Val_4_48,Val_4_49,Val_4_50,Val_4_51,Val_4_52,Val_4_53,Val_4_54,Val_4_55,Val_4_56,Val_4_57,Val_4_58,Val_4_59,Val_4_60,Val_4_61,Val_4_62,Val_4_63,Val_4_64,Val_4_65,Val_4_66,Val_4_67,Val_4_68,Val_4_69,Val_4_70,Val_4_71,Val_4_72,Val_4_73,Val_4_74,Val_4_75,Val_4_76,Val_4_77,Val_4_78,Val_4_79,Val_4_80,Val_4_81,Val_4_82,Val_4_83,Val_4_84,Val_4_85,Val_4_86,Val_4_87,Val_4_88,Val_4_89,Val_4_90,Val_4_91,Val_4_92,Val_4_93,Val_4_94,Val_4_95,Val_4_96,Val_4_97,Val_4_98,Val_4_99,Val_4_100
Diana,Davis,diana.davis5@example.com,555-1005,987 Cedar Ln,Boston,MA,60005,Val_5_9,Val_5_10,Val_5_11,Val_5_12,Val_5_13,Val_5_14,Val_5_15,Val_5_16,Val_5_17,Val_5_18,Val_5_19,Val_5_20,Val_5_21,Val_5_22,Val_5_23,Val_5_24,Val_5_25,Val_5_26,Val_5_27,Val_5_28,Val_5_29,Val_5_30,Val_5_31,Val_5_32,Val_5_33,Val_5_34,Val_5_35,Val_5_36,Val_5_37,Val_5_38,Val_5_39,Val_5_40,Val_5_41,Val_5_42,Val_5_43,Val_5_44,Val_5_45,Val_5_46,Val_5_47,Val_5_48,Val_5_49,Val_5_50,Val_5_51,Val_5_52,Val_5_53,Val_5_54,Val_5_55,Val_5_56,Val_5_57,Val_5_58,Val_5_59,Val_5_60,Val_5_61,Val_5_62,Val_5_63,Val_5_64,Val_5_65,Val_5_66,Val_5_67,Val_5_68,Val_5_69,Val_5_70,Val_5_71,Val_5_72,Val_5_73,Val_5_74,Val_5_75,Val_5_76,Val_5_77,Val_5_78,Val_5_79,Val_5_80,Val_5_81,Val_5_82,Val_5_83,Val_5_84,Val_5_85,Val_5_86,Val_5_87,Val_5_88,Val_5_89,Val_5_90,Val_5_91,Val_5_92,Val_5_93,Val_5_94,Val_5_95,Val_5_96,Val_5_97,Val_5_98,Val_5_99,Val_5_100
Frank,Miller,frank.miller6@example.com,555-1006,147 Birch Way,Phoenix,AZ,60006,Val_6_9,Val_6_10,Val_6_11,Val_6_12,Val_6_13,Val_6_14,Val_6_15,Val_6_16,Val_6_17,Val_6_18,Val_6_19,Val_6_20,Val_6_21,Val_6_22,Val_6_23,Val_6_24,Val_6_25,Val_6_26,Val_6_27,Val_6_28,Val_6_29,Val_6_30,Val_6_31,Val_6_32,Val_6_33,Val_6_34,Val_6_35,Val_6_36,Val_6_37,Val_6_38,Val_6_39,Val_6_40,Val_6_41,Val_6_42,Val_6_43,Val_6_44,Val_6_45,Val_6_46,Val_6_47,Val_6_48,Val_6_49,Val_6_50,Val_6_51,Val_6_52,Val_6_53,Val_6_54,Val_6_55,Val_6_56,Val_6_57,Val_6_58,Val_6_59,Val_6_60,Val_6_61,Val_6_62,Val_6_63,Val_6_64,Val_6_65,Val_6_66,Val_6_67,Val_6_68,Val_6_69,Val_6_70,Val_6_71,Val_6_72,Val_6_73,Val_6_74,Val_6_75,Val_6_76,Val_6_77,Val_6_78,Val_6_79,Val_6_80,Val_6_81,Val_6_82,Val_6_83,Val_6_84,Val_6_85,Val_6_86,Val_6_87,Val_6_88,Val_6_89,Val_6_90,Val_6_91,Val_6_92,Val_6_93,Val_6_94,Val_6_95,Val_6_96,Val_6_97,Val_6_98,Val_6_99,Val_6_100
Grace,Wilson,grace.wilson7@example.com,555-1007,258 Spruce Ct,Miami,FL,60007,Val_7_9,Val_7_10,Val_7_11,Val_7_12,Val_7_13,Val_7_14,Val_7_15,Val_7_16,Val_7_17,Val_7_18,Val_7_19,Val_7_20,Val_7_21,Val_7_22,Val_7_23,Val_7_24,Val_7_25,Val_7_26,Val_7_27,Val_7_28,Val_7_29,Val_7_30,Val_7_31,Val_7_32,Val_7_33,Val_7_34,Val_7_35,Val_7_36,Val_7_37,Val_7_38,Val_7_39,Val_7_40,Val_7_41,Val_7_42,Val_7_43,Val_7_44,Val_7_45,Val_7_46,Val_7_47,Val_7_48,Val_7_49,Val_7_50,Val_7_51,Val_7_52,Val_7_53,Val_7_54,Val_7_55,Val_7_56,Val_7_57,Val_7_58,Val_7_59,Val_7_60,Val_7_61,Val_7_62,Val_7_63,Val_7_64,Val_7_65,Val_7_66,Val_7_67,Val_7_68,Val_7_69,Val_7_70,Val_7_71,Val_7_72,Val_7_73,Val_7_74,Val_7_75,Val_7_76,Val_7_77,Val_7_78,Val_7_79,Val_7_80,Val_7_81,Val_7_82,Val_7_83,Val_7_84,Val_7_85,Val_7_86,Val_7_87,Val_7_88,Val_7_89,Val_7_90,Val_7_91,Val_7_92,Val_7_93,Val_7_94,Val_7_95,Val_7_96,Val_7_97,Val_7_98,Val_7_99,Val_7_100
Henry,Moore,henry.moore8@example.com,555-1008,369 Ash Blvd,Atlanta,GA,60008,Val_8_9,Val_8_10,Val_8_11,Val_8_12,Val_8_13,Val_8_14,Val_8_15,Val_8_16,Val_8_17,Val_8_18,Val_8_19,Val_8_20,Val_8_21,Val_8_22,Val_8_23,Val_8_24,Val_8_25,Val_8_26,Val_8_27,Val_8_28,Val_8_29,Val_8_30,Val_8_31,Val_8_32,Val_8_33,Val_8_34,Val_8_35,Val_8_36,Val_8_37,Val_8_38,Val_8_39,Val_8_40,Val_8_41,Val_8_42,Val_8_43,Val_8_44,Val_8_45,Val_8_46,Val_8_47,Val_8_48,Val_8_49,Val_8_50,Val_8_51,Val_8_52,Val_8_53,Val_8_54,Val_8_55,Val_8_56,Val_8_57,Val_8_58,Val_8_59,Val_8_60,Val_8_61,Val_8_62,Val_8_63,Val_8_64,Val_8_65,Val_8_66,Val_8_67,Val_8_68,Val_8_69,Val_8_70,Val_8_71,Val_8_72,Val_8_73,Val_8_74,Val_8_75,Val_8_76,Val_8_77,Val_8_78,Val_8_79,Val_8_80,Val_8_81,Val_8_82,Val_8_83,Val_8_84,Val_8_85,Val_8_86,Val_8_87,Val_8_88,Val_8_89,Val_8_90,Val_8_91,Val_8_92,Val_8_93,Val_8_94,Val_8_95,Val_8_96,Val_8_97,Val_8_98,Val_8_99,Val_8_100
Iris,Taylor,iris.taylor9@example.com,555-1009,741 Willow Pl,Chicago,IL,60009,Val_9_9,Val_9_10,Val_9_11,Val_9_12,Val_9_13,Val_9_14,Val_9_15,Val_9_16,Val_9_17,Val_9_18,Val_9_19,Val_9_20,Val_9_21,Val_9_22,Val_9_23,Val_9_24,Val_9_25,Val_9_26,Val_9_27,Val_9_28,Val_9_29,Val_9_30,Val_9_31,Val_9_32,Val_9_33,Val_9_34,Val_9_35,Val_9_36,Val_9_37,Val_9_38,Val_9_39,Val_9_40,Val_9_41,Val_9_42,Val_9_43,Val_9_44,Val_9_45,Val_9_46,Val_9_47,Val_9_48,Val_9_49,Val_9_50,Val_9_51,Val_9_52,Val_9_53,Val_9_54,Val_9_55,Val_9_56,Val_9_57,Val_9_58,Val_9_59,Val_9_60,Val_9_61,Val_9_62,Val_9_63,Val_9_64,Val_9_65,Val_9_66,Val_9_67,Val_9_68,Val_9_69,Val_9_70,Val_9_71,Val_9_72,Val_9_73,Val_9_74,Val_9_75,Val_9_76,Val_9_77,Val_9_78,Val_9_79,Val_9_80,Val_9_81,Val_9_82,Val_9_83,Val_9_84,Val_9_85,Val_9_86,Val_9_87,Val_9_88,Val_9_89,Val_9_90,Val_9_91,Val_9_92,Val_9_93,Val_9_94,Val_9_95,Val_9_96,Val_9_97,Val_9_98,Val_9_99,Val_9_100
Jack,Anderson,jack.anderson10@example.com,555-1010,123 Main St,Dallas,TX,60010,Val_10_9,Val_10_10,Val_10_11,Val_10_12,Val_10_13,Val_10_14,Val_10_15,Val_10_16,Val_10_17,Val_10_18,Val_10_19,Val_10_20,Val_10_21,Val_10_22,Val_10_23,Val_10_24,Val_10_25,Val_10_26,Val_10_27,Val_10_28,Val_10_29,Val_10_30,Val_10_31,Val_10_32,Val_10_33,Val_10_34,Val_10_35,Val_10_36,Val_10_37,Val_10_38,Val_10_39,Val_10_40,Val_10_41,Val_10_42,Val_10_43,Val_10_44,Val_10_45,Val_10_46,Val_10_47,Val_10_48,Val_10_49,Val_10_50,Val_10_51,Val_10_52,Val_10_53,Val_10_54,Val_10_55,Val_10_56,Val_10_57,Val_10_58,Val_10_59,Val_10_60,Val_10_61,Val_10_62,Val_10_63,Val_10_64,Val_10_65,Val_10_66,Val_10_67,Val_10_68,Val_10_69,Val_10_70,Val_10_71,Val_10_72,Val_10_73,Val_10_74,Val_10_75,Val_10_76,Val_10_77,Val_10_78,Val_10_79,Val_10_80,Val_10_81,Val_10_82,Val_10_83,Val_10_84,Val_10_85,Val_10_86,Val_10_87,Val_10_88,Val_10_89,Val_10_90,Val_10_91,Val_10_92,Val_10_93,Val_10_94,Val_10_95,Val_10_96,Val_10_97,Val_10_98,Val_10_99,Val_10_100
Kate,Thomas,kate.thomas11@example.com,555-1011,456 Oak Ave,Houston,TX,60011,Val_11_9,Val_11_10,Val_11_11,Val_11_12,Val_11_13,Val_11_14,Val_11_15,Val_11_16,Val_11_17,Val_11_18,Val_11_19,Val_11_20,Val_11_21,Val_11_22,Val_11_23,Val_11_24,Val_11_25,Val_11_26,Val_11_27,Val_11_28,Val_11_29,Val_11_30,Val_11_31,Val_11_32,Val_11_33,Val_11_34,Val_11_35,Val_11_36,Val_11_37,Val_11_38,Val_11_39,Val_11_40,Val_11_41,Val_11_42,Val_11_43,Val_11_44,Val_11_45,Val_11_46,Val_11_47,Val_11_48,Val_11_49,Val_11_50,Val_11_51,Val_11_52,Val_11_53,Val_11_54,Val_11_55,Val_11_56,Val_11_57,Val_11_58,Val_11_59,Val_11_60,Val_11_61,Val_11_62,Val_11_63,Val_11_64,Val_11_65,Val_11_66,Val_11_67,Val_11_68,Val_11_69,Val_11_70,Val_11_71,Val_11_72,Val_11_73,Val_11_74,Val_11_75,Val_11_76,Val_11_77,Val_11_78,Val_11_79,Val_11_80,Val_11_81,Val_11_82,Val_11_83,Val_11_84,Val_11_85,Val_11_86,Val_11_87,Val_11_88,Val_11_89,Val_11_90,Val_11_91,Val_11_92,Val_11_93,Val_11_94,Val_11_95,Val_11_96,Val_11_97,Val_11_98,Val_11_99,Val_11_100
Leo,Jackson,leo.jackson12@example.com,555-1012,789 Pine Rd,Detroit,MI,60012,Val_12_9,Val_12_10,Val_12_11,Val_12_12,Val_12_13,Val_12_14,Val_12_15,Val_12_16,Val_12_17,Val_12_18,Val_12_19,Val_12_20,Val_12_21,Val_12_22,Val_12_23,Val_12_24,Val_12_25,Val_12_26,Val_12_27,Val_12_28,Val_12_29,Val_12_30,Val_12_31,Val_12_32,Val_12_33,Val_12_34,Val_12_35,Val_12_36,Val_12_37,Val_12_38,Val_12_39,Val_12_40,Val_12_41,Val_12_42,Val_12_43,Val_12_44,Val_12_45,Val_12_46,Val_12_47,Val_12_48,Val_12_49,Val_12_50,Val_12_51,Val_12_52,Val_12_53,Val_12_54,Val_12_55,Val_12_56,Val_12_57,Val_12_58,Val_12_59,Val_12_60,Val_12_61,Val_12_62,Val_12_63,Val_12_64,Val_12_65,Val_12_66,Val_12_67,Val_12_68,Val_12_69,Val_12_70,Val_12_71,Val_12_72,Val_12_73,Val_12_74,Val_12_75,Val_12_76,Val_12_77,Val_12_78,Val_12_79,Val_12_80,Val_12_81,Val_12_82,Val_12_83,Val_12_84,Val_12_85,Val_12_86,Val_12_87,Val_12_88,Val_12_89,Val_12_90,Val_12_91,Val_12_92,Val_12_93,Val_12_94,Val_12_95,Val_12_96,Val_12_97,Val_12_98,Val_12_99,Val_12_100
Maria,White,maria.white13@example.com,555-1013,321 Elm St,Philadelphia,PA,60013,Val_13_9,Val_13_10,Val_13_11,Val_13_12,Val_13_13,Val_13_14,Val_13_15,Val_13_16,Val_13_17,Val_13_18,Val_13_19,Val_13_20,Val_13_21,Val_13_22,Val_13_23,Val_13_24,Val_13_25,Val_13_26,Val_13_27,Val_13_28,Val_13_29,Val_13_30,Val_13_31,Val_13_32,Val_13_33,Val_13_34,Val_13_35,Val_13_36,Val_13_37,Val_13_38,Val_13_39,Val_13_40,Val_13_41,Val_13_42,Val_13_43,Val_13_44,Val_13_45,Val_13_46,Val_13_47,Val_13_48,Val_13_49,Val_13_50,Val_13_51,Val_13_52,Val_13_53,Val_13_54,Val_13_55,Val_13_56,Val_13_57,Val_13_58,Val_13_59,Val_13_60,Val_13_61,Val_13_62,Val_13_63,Val_13_64,Val_13_65,Val_13_66,Val_13_67,Val_13_68,Val_13_69,Val_13_70,Val_13_71,Val_13_72,Val_13_73,Val_13_74,Val_13_75,Val_13_76,Val_13_77,Val_13_78,Val_13_79,Val_13_80,Val_13_81,Val_13_82,Val_13_83,Val_13_84,Val_13_85,Val_13_86,Val_13_87,Val_13_88,Val_13_89,Val_13_90,Val_13_91,Val_13_92,Val_13_93,Val_13_94,Val_13_95,Val_13_96,Val_13_97,Val_13_98,Val_13_99,Val_13_100
Nick,Harris,nick.harris14@example.com,555-1014,654 Maple Dr,San Diego,CA,60014,Val_14_9,Val_14_10,Val_14_11,Val_14_12,Val_14_13,Val_14_14,Val_14_15,Val_14_16,Val_14_17,Val_14_18,Val_14_19,Val_14_20,Val_14_21,Val_14_22,Val_14_23,Val_14_24,Val_14_25,Val_14_26,Val_14_27,Val_14_28,Val_14_29,Val_14_30,Val_14_31,Val_14_32,Val_14_33,Val_14_34,Val_14_35,Val_14_36,Val_14_37,Val_14_38,Val_14_39,Val_14_40,Val_14_41,Val_14_42,Val_14_43,Val_14_44,Val_14_45,Val_14_46,Val_14_47,Val_14_48,Val_14_49,Val_14_50,Val_14_51,Val_14_52,Val_14_53,Val_14_54,Val_14_55,Val_14_56,Val_14_57,Val_14_58,Val_14_59,Val_14_60,Val_14_61,Val_14_62,Val_14_63,Val_14_64,Val_14_65,Val_14_66,Val_14_67,Val_14_68,Val_14_69,Val_14_70,Val_14_71,Val_14_72,Val_14_73,Val_14_74,Val_14_75,Val_14_76,Val_14_77,Val_14_78,Val_14_79,Val_14_80,Val_14_81,Val_14_82,Val_14_83,Val_14_84,Val_14_85,Val_14_86,Val_14_87,Val_14_88,Val_14_89,Val_14_90,Val_14_91,Val_14_92,Val_14_93,Val_14_94,Val_14_95,Val_14_96,Val_14_97,Val_14_98,Val_14_99,Val_14_100
Olivia,Martin,olivia.martin15@example.com,555-1015,987 Cedar Ln,Springfield,IL,60015,Val_15_9,Val_15_10,Val_15_11,Val_15_12,Val_15_13,Val_15_14,Val_15_15,Val_15_16,Val_15_17,Val_15_18,Val_15_19,Val_15_20,Val_15_21,Val_15_22,Val_15_23,Val_15_24,Val_15_25,Val_15_26,Val_15_27,Val_15_28,Val_15_29,Val_15_30,Val_15_31,Val_15_32,Val_15_33,Val_15_34,Val_15_35,Val_15_36,Val_15_37,Val_15_38,Val_15_39,Val_15_40,Val_15_41,Val_15_42,Val_15_43,Val_15_44,Val_15_45,Val_15_46,Val_15_47,Val_15_48,Val_15_49,Val_15_50,Val_15_51,Val_15_52,Val_15_53,Val_15_54,Val_15_55,Val_15_56,Val_15_57,Val_15_58,Val_15_59,Val_15_60,Val_15_61,Val_15_62,Val_15_63,Val_15_64,Val_15_65,Val_15_66,Val_15_67,Val_15_68,Val_15_69,Val_15_70,Val_15_71,Val_15_72,Val_15_73,Val_15_74,Val_15_75,Val_15_76,Val_15_77,Val_15_78,Val_15_79,Val_15_80,Val_15_81,Val_15_82,Val_15_83,Val_15_84,Val_15_85,Val_15_86,Val_15_87,Val_15_88,Val_15_89,Val_15_90,Val_15_91,Val_15_92,Val_15_93,Val_15_94,Val_15_95,Val_15_96,Val_15_97,Val_15_98,Val_15_99,Val_15_100
Paul,Thompson,paul.thompson16@example.com,555-1016,147 Birch Way,Portland,OR,60016,Val_16_9,Val_16_10,Val_16_11,Val_16_12,Val_16_13,Val_16_14,Val_16_15,Val_16_16,Val_16_17,Val_16_18,Val_16_19,Val_16_20,Val_16_21,Val_16_22,Val_16_23,Val_16_24,Val_16_25,Val_16_26,Val_16_27,Val_16_28,Val_16_29,Val_16_30,Val_16_31,Val_16_32,Val_16_33,Val_16_34,Val_16_35,Val_16_36,Val_16_37,Val_16_38,Val_16_39,Val_16_40,Val_16_41,Val_16_42,Val_16_43,Val_16_44,Val_16_45,Val_16_46,Val_16_47,Val_16_48,Val_16_49,Val_16_50,Val_16_51,Val_16_52,Val_16_53,Val_16_54,Val_16_55,Val_16_56,Val_16_57,Val_16_58,Val_16_59,Val_16_60,Val_16_61,Val_16_62,Val_16_63,Val_16_64,Val_16_65,Val_16_66,Val_16_67,Val_16_68,Val_16_69,Val_16_70,Val_16_71,Val_16_72,Val_16_73,Val_16_74,Val_16_75,Val_16_76,Val_16_77,Val_16_78,Val_16_79,Val_16_80,Val_16_81,Val_16_82,Val_16_83,Val_16_84,Val_16_85,Val_16_86,Val_16_87,Val_16_88,Val_16_89,Val_16_90,Val_16_91,Val_16_92,Val_16_93,Val_16_94,Val_16_95,Val_16_96,Val_16_97,Val_16_98,Val_16_99,Val_16_100
Quinn,Garcia,quinn.garcia17@example.com,555-1017,258 Spruce Ct,Denver,CO,60017,Val_17_9,Val_17_10,Val_17_11,Val_17_12,Val_17_13,Val_17_14,Val_17_15,Val_17_16,Val_17_17,Val_17_18,Val_17_19,Val_17_20,Val_17_21,Val_17_22,Val_17_23,Val_17_24,Val_17_25,Val_17_26,Val_17_27,Val_17_28,Val_17_29,Val_17_30,Val_17_31,Val_17_32,Val_17_33,Val_17_34,Val_17_35,Val_17_36,Val_17_37,Val_17_38,Val_17_39,Val_17_40,Val_17_41,Val_17_42,Val_17_43,Val_17_44,Val_17_45,Val_17_46,Val_17_47,Val_17_48,Val_17_49,Val_17_50,Val_17_51,Val_17_52,Val_17_53,Val_17_54,Val_17_55,Val_17_56,Val_17_57,Val_17_58,Val_17_59,Val_17_60,Val_17_61,Val_17_62,Val_17_63,Val_17_64,Val_17_65,Val_17_66,Val_17_67,Val_17_68,Val_17_69,Val_17_70,Val_17_71,Val_17_72,Val_17_73,Val_17_74,Val_17_75,Val_17_76,Val_17_77,Val_17_78,Val_17_79,Val_17_80,Val_17_81,Val_17_82,Val_17_83,Val_17_84,Val_17_85,Val_17_86,Val_17_87,Val_17_88,Val_17_89,Val_17_90,Val_17_91,Val_17_92,Val_17_93,Val_17_94,Val_17_95,Val_17_96,Val_17_97,Val_17_98,Val_17_99,Val_17_100
Rachel,Martinez,rachel.martinez18@example.com,555-1018,369 Ash Blvd,Austin,TX,60018,Val_18_9,Val_18_10,Val_18_11,Val_18_12,Val_18_13,Val_18_14,Val_18_15,Val_18_16,Val_18_17,Val_18_18,Val_18_19,Val_18_20,Val_18_21,Val_18_22,Val_18_23,Val_18_24,Val_18_25,Val_18_26,Val_18_27,Val_18_28,Val_18_29,Val_18_30,Val_18_31,Val_18_32,Val_18_33,Val_18_34,Val_18_35,Val_18_36,Val_18_37,Val_18_38,Val_18_39,Val_18_40,Val_18_41,Val_18_42,Val_18_43,Val_18_44,Val_18_45,Val_18_46,Val_18_47,Val_18_48,Val_18_49,Val_18_50,Val_18_51,Val_18_52,Val_18_53,Val_18_54,Val_18_55,Val_18_56,Val_18_57,Val_18_58,Val_18_59,Val_18_60,Val_18_61,Val_18_62,Val_18_63,Val_18_64,Val_18_65,Val_18_66,Val_18_67,Val_18_68,Val_18_69,Val_18_70,Val_18_71,Val_18_72,Val_18_73,Val_18_74,Val_18_75,Val_18_76,Val_18_77,Val_18_78,Val_18_79,Val_18_80,Val_18_81,Val_18_82,Val_18_83,Val_18_84,Val_18_85,Val_18_86,Val_18_87,Val_18_88,Val_18_89,Val_18_90,Val_18_91,Val_18_92,Val_18_93,Val_18_94,Val_18_95,Val_18_96,Val_18_97,Val_18_98,Val_18_99,Val_18_100
Sam,Robinson,sam.robinson19@example.com,555-1019,741 Willow Pl,Seattle,WA,60019,Val_19_9,Val_19_10,Val_19_11,Val_19_12,Val_19_13,Val_19_14,Val_19_15,Val_19_16,Val_19_17,Val_19_18,Val_19_19,Val_19_20,Val_19_21,Val_19_22,Val_19_23,Val_19_24,Val_19_25,Val_19_26,Val_19_27,Val_19_28,Val_19_29,Val_19_30,Val_19_31,Val_19_32,Val_19_33,Val_19_34,Val_19_35,Val_19_36,Val_19_37,Val_19_38,Val_19_39,Val_19_40,Val_19_41,Val_19_42,Val_19_43,Val_19_44,Val_19_45,Val_19_46,Val_19_47,Val_19_48,Val_19_49,Val_19_50,Val_19_51,Val_19_52,Val_19_53,Val_19_54,Val_19_55,Val_19_56,Val_19_57,Val_19_58,Val_19_59,Val_19_60,Val_19_61,Val_19_62,Val_19_63,Val_19_64,Val_19_65,Val_19_66,Val_19_67,Val_19_68,Val_19_69,Val_19_70,Val_19_71,Val_19_72,Val_19_73,Val_19_74,Val_19_75,Val_19_76,Val_19_77,Val_19_78,Val_19_79,Val_19_80,Val_19_81,Val_19_82,Val_19_83,Val_19_84,Val_19_85,Val_19_86,Val_19_87,Val_19_88,Val_19_89,Val_19_90,Val_19_91,Val_19_92,Val_19_93,Val_19_94,Val_19_95,Val_19_96,Val_19_97,Val_19_98,Val_19_99,Val_19_100
Tom,Doe,tom.doe20@example.com,555-1020,123 Main St,Boston,MA,60020,Val_20_9,Val_20_10,Val_20_11,Val_20_12,Val_20_13,Val_20_14,Val_20_15,Val_20_16,Val_20_17,Val_20_18,Val_20_19,Val_20_20,Val_20_21,Val_20_22,Val_20_23,Val_20_24,Val_20_25,Val_20_26,Val_20_27,Val_20_28,Val_20_29,Val_20_30,Val_20_31,Val_20_32,Val_20_33,Val_20_34,Val_20_35,Val_20_36,Val_20_37,Val_20_38,Val_20_39,Val_20_40,Val_20_41,Val_20_42,Val_20_43,Val_20_44,Val_20_45,Val_20_46,Val_20_47,Val_20_48,Val_20_49,Val_20_50,Val_20_51,Val_20_52,Val_20_53,Val_20_54,Val_20_55,Val_20_56,Val_20_57,Val_20_58,Val_20_59,Val_20_60,Val_20_61,Val_20_62,Val_20_63,Val_20_64,Val_20_65,Val_20_66,Val_20_67,Val_20_68,Val_20_69,Val_20_70,Val_20_71,Val_20_72,Val_20_73,Val_20_74,Val_20_75,Val_20_76,Val_20_77,Val_20_78,Val_20_79,Val_20_80,Val_20_81,Val_20_82,Val_20_83,Val_20_84,Val_20_85,Val_20_86,Val_20_87,Val_20_88,Val_20_89,Val_20_90,Val_20_91,Val_20_92,Val_20_93,Val_20_94,Val_20_95,Val_20_96,Val_20_97,Val_20_98,Val_20_99,Val_20_100
Uma,Smith,uma.smith21@example.com,555-1021,456 Oak Ave,Phoenix,AZ,60021,Val_21_9,Val_21_10,Val_21_11,Val_21_12,Val_21_13,Val_21_14,Val_21_15,Val_21_16,Val_21_17,Val_21_18,Val_21_19,Val_21_20,Val_21_21,Val_21_22,Val_21_23,Val_21_24,Val_21_25,Val_21_26,Val_21_27,Val_21_28,Val_21_29,Val_21_30,Val_21_31,Val_21_32,Val_21_33,Val_21_34,Val_21_35,Val_21_36,Val_21_37,Val_21_38,Val_21_39,Val_21_40,Val_21_41,Val_21_42,Val_21_43,Val_21_44,Val_21_45,Val_21_46,Val_21_47,Val_21_48,Val_21_49,Val_21_50,Val_21_51,Val_21_52,Val_21_53,Val_21_54,Val_21_55,Val_21_56,Val_21_57,Val_21_58,Val_21_59,Val_21_60,Val_21_61,Val_21_62,Val_21_63,Val_21_64,Val_21_65,Val_21_66,Val_21_67,Val_21_68,Val_21_69,Val_21_70,Val_21_71,Val_21_72,Val_21_73,Val_21_74,Val_21_75,Val_21_76,Val_21_77,Val_21_78,Val_21_79,Val_21_80,Val_21_81,Val_21_82,Val_21_83,Val_21_84,Val_21_85,Val_21_86,Val_21_87,Val_21_88,Val_21_89,Val_21_90,Val_21_91,Val_21_92,Val_21_93,Val_21_94,Val_21_95,Val_21_96,Val_21_97,Val_21_98,Val_21_99,Val_21_100
Victor,Johnson,victor.johnson22@example.com,555-1022,789 Pine Rd,Miami,FL,60022,Val_22_9,Val_22_10,Val_22_11,Val_22_12,Val_22_13,Val_22_14,Val_22_15,Val_22_16,Val_22_17,Val_22_18,Val_22_19,Val_22_20,Val_22_21,Val_22_22,Val_22_23,Val_22_24,Val_22_25,Val_22_26,Val_22_27,Val_22_28,Val_22_29,Val_22_30,Val_22_31,Val_22_32,Val_22_33,Val_22_34,Val_22_35,Val_22_36,Val_22_37,Val_22_38,Val_22_39,Val_22_40,Val_22_41,Val_22_42,Val_22_43,Val_22_44,Val_22_45,Val_22_46,Val_22_47,Val_22_48,Val_22_49,Val_22_50,Val_22_51,Val_22_52,Val_22_53,Val_22_54,Val_22_55,Val_22_56,Val_22_57,Val_22_58,Val_22_59,Val_22_60,Val_22_61,Val_22_62,Val_22_63,Val_22_64,Val_22_65,Val_22_66,Val_22_67,Val_22_68,Val_22_69,Val_22_70,Val_22_71,Val_22_72,Val_22_73,Val_22_74,Val_22_75,Val_22_76,Val_22_77,Val_22_78,Val_22_79,Val_22_80,Val_22_81,Val_22_82,Val_22_83,Val_22_84,Val_22_85,Val_22_86,Val_22_87,Val_22_88,Val_22_89,Val_22_90,Val_22_91,Val_22_92,Val_22_93,Val_22_94,Val_22_95,Val_22_96,Val_22_97,Val_22_98,Val_22_99,Val_22_100
Wendy,Williams,wendy.williams23@example.com,555-1023,321 Elm St,Atlanta,GA,60023,Val_23_9,Val_23_10,Val_23_11,Val_23_12,Val_23_13,Val_23_14,Val_23_15,Val_23_16,Val_23_17,Val_23_18,Val_23_19,Val_23_20,Val_23_21,Val_23_22,Val_23_23,Val_23_24,Val_23_25,Val_23_26,Val_23_27,Val_23_28,Val_23_29,Val_23_30,Val_23_31,Val_23_32,Val_23_33,Val_23_34,Val_23_35,Val_23_36,Val_23_37,Val_23_38,Val_23_39,Val_23_40,Val_23_41,Val_23_42,Val_23_43,Val_23_44,Val_23_45,Val_23_46,Val_23_47,Val_23_48,Val_23_49,Val_23_50,Val_23_51,Val_23_52,Val_23_53,Val_23_54,Val_23_55,Val_23_56,Val_23_57,Val_23_58,Val_23_59,Val_23_60,Val_23_61,Val_23_62,Val_23_63,Val_23_64,Val_23_65,Val_23_66,Val_23_67,Val_23_68,Val_23_69,Val_23_70,Val_23_71,Val_23_72,Val_23_73,Val_23_74,Val_23_75,Val_23_76,Val_23_77,Val_23_78,Val_23_79,Val_23_80,Val_23_81,Val_23_82,Val_23_83,Val_23_84,Val_23_85,Val_23_86,Val_23_87,Val_23_88,Val_23_89,Val_23_90,Val_23_91,Val_23_92,Val_23_93,Val_23_94,Val_23_95,Val_23_96,Val_23_97,Val_23_98,Val_23_99,Val_23_100
Xavier,Brown,xavier.brown24@example.com,555-1024,654 Maple Dr,Chicago,IL,60024,Val_24_9,Val_24_10,Val_24_11,Val_24_12,Val_24_13,Val_24_14,Val_24_15,Val_24_16,Val_24_17,Val_24_18,Val_24_19,Val_24_20,Val_24_21,Val_24_22,Val_24_23,Val_24_24,Val_24_25,Val_24_26,Val_24_27,Val_24_28,Val_24_29,Val_24_30,Val_24_31,Val_24_32,Val_24_33,Val_24_34,Val_24_35,Val_24_36,Val_24_37,Val_24_38,Val_24_39,Val_24_40,Val_24_41,Val_24_42,Val_24_43,Val_24_44,Val_24_45,Val_24_46,Val_24_47,Val_24_48,Val_24_49,Val_24_50,Val_24_51,Val_24_52,Val_24_53,Val_24_54,Val_24_55,Val_24_56,Val_24_57,Val_24_58,Val_24_59,Val_24_60,Val_24_61,Val_24_62,Val_24_63,Val_24_64,Val_24_65,Val_24_66,Val_24_67,Val_24_68,Val_24_69,Val_24_70,Val_24_71,Val_24_72,Val_24_73,Val_24_74,Val_24_75,Val_24_76,Val_24_77,Val_24_78,Val_24_79,Val_24_80,Val_24_81,Val_24_82,Val_24_83,Val_24_84,Val_24_85,Val_24_86,Val_24_87,Val_24_88,Val_24_89,Val_24_90,Val_24_91,Val_24_92,Val_24_93,Val_24_94,Val_24_95,Val_24_96,Val_24_97,Val_24_98,Val_24_99,Val_24_100
Yara,Davis,yara.davis25@example.com,555-1025,987 Cedar Ln,Dallas,TX,60025,Val_25_9,Val_25_10,Val_25_11,Val_25_12,Val_25_13,Val_25_14,Val_25_15,Val_25_16,Val_25_17,Val_25_18,Val_25_19,Val_25_20,Val_25_21,Val_25_22,Val_25_23,Val_25_24,Val_25_25,Val_25_26,Val_25_27,Val_25_28,Val_25_29,Val_25_30,Val_25_31,Val_25_32,Val_25_33,Val_25_34,Val_25_35,Val_25_36,Val_25_37,Val_25_38,Val_25_39,Val_25_40,Val_25_41,Val_25_42,Val_25_43,Val_25_44,Val_25_45,Val_25_46,Val_25_47,Val_25_48,Val_25_49,Val_25_50,Val_25_51,Val_25_52,Val_25_53,Val_25_54,Val_25_55,Val_25_56,Val_25_57,Val_25_58,Val_25_59,Val_25_60,Val_25_61,Val_25_62,Val_25_63,Val_25_64,Val_25_65,Val_25_66,Val_25_67,Val_25_68,Val_25_69,Val_25_70,Val_25_71,Val_25_72,Val_25_73,Val_25_74,Val_25_75,Val_25_76,Val_25_77,Val_25_78,Val_25_79,Val_25_80,Val_25_81,Val_25_82,Val_25_83,Val_25_84,Val_25_85,Val_25_86,Val_25_87,Val_25_88,Val_25_89,Val_25_90,Val_25_91,Val_25_92,Val_25_93,Val_25_94,Val_25_95,Val_25_96,Val_25_97,Val_25_98,Val_25_99,Val_25_100
Zane,Miller,zane.miller26@example.com,555-1026,147 Birch Way,Houston,TX,60026,Val_26_9,Val_26_10,Val_26_11,Val_26_12,Val_26_13,Val_26_14,Val_26_15,Val_26_16,Val_26_17,Val_26_18,Val_26_19,Val_26_20,Val_26_21,Val_26_22,Val_26_23,Val_26_24,Val_26_25,Val_26_26,Val_26_27,Val_26_28,Val_26_29,Val_26_30,Val_26_31,Val_26_32,Val_26_33,Val_26_34,Val_26_35,Val_26_36,Val_26_37,Val_26_38,Val_26_39,Val_26_40,Val_26_41,Val_26_42,Val_26_43,Val_26_44,Val_26_45,Val_26_46,Val_26_47,Val_26_48,Val_26_49,Val_26_50,Val_26_51,Val_26_52,Val_26_53,Val_26_54,Val_26_55,Val_26_56,Val_26_57,Val_26_58,Val_26_59,Val_26_60,Val_26_61,Val_26_62,Val_26_63,Val_26_64,Val_26_65,Val_26_66,Val_26_67,Val_26_68,Val_26_69,Val_26_70,Val_26_71,Val_26_72,Val_26_73,Val_26_74,Val_26_75,Val_26_76,Val_26_77,Val_26_78,Val_26_79,Val_26_80,Val_26_81,Val_26_82,Val_26_83,Val_26_84,Val_26_85,Val_26_86,Val_26_87,Val_26_88,Val_26_89,Val_26_90,Val_26_91,Val_26_92,Val_26_93,Val_26_94,Val_26_95,Val_26_96,Val_26_97,Val_26_98,Val_26_99,Val_26_100
Adam,Wilson,adam.wilson27@example.com,555-1027,258 Spruce Ct,Detroit,MI,60027,Val_27_9,Val_27_10,Val_27_11,Val_27_12,Val_27_13,Val_27_14,Val_27_15,Val_27_16,Val_27_17,Val_27_18,Val_27_19,Val_27_20,Val_27_21,Val_27_22,Val_27_23,Val_27_24,Val_27_25,Val_27_26,Val_27_27,Val_27_28,Val_27_29,Val_27_30,Val_27_31,Val_27_32,Val_27_33,Val_27_34,Val_27_35,Val_27_36,Val_27_37,Val_27_38,Val_27_39,Val_27_40,Val_27_41,Val_27_42,Val_27_43,Val_27_44,Val_27_45,Val_27_46,Val_27_47,Val_27_48,Val_27_49,Val_27_50,Val_27_51,Val_27_52,Val_27_53,Val_27_54,Val_27_55,Val_27_56,Val_27_57,Val_27_58,Val_27_59,Val_27_60,Val_27_61,Val_27_62,Val_27_63,Val_27_64,Val_27_65,Val_27_66,Val_27_67,Val_27_68,Val_27_69,Val_27_70,Val_27_71,Val_27_72,Val_27_73,Val_27_74,Val_27_75,Val_27_76,Val_27_77,Val_27_78,Val_27_79,Val_27_80,Val_27_81,Val_27_82,Val_27_83,Val_27_84,Val_27_85,Val_27_86,Val_27_87,Val_27_88,Val_27_89,Val_27_90,Val_27_91,Val_27_92,Val_27_93,Val_27_94,Val_27_95,Val_27_96,Val_27_97,Val_27_98,Val_27_99,Val_27_100
Beth,Moore,beth.moore28@example.com,555-1028,369 Ash Blvd,Philadelphia,PA,60028,Val_28_9,Val_28_10,Val_28_11,Val_28_12,Val_28_13,Val_28_14,Val_28_15,Val_28_16,Val_28_17,Val_28_18,Val_28_19,Val_28_20,Val_28_21,Val_28_22,Val_28_23,Val_28_24,Val_28_25,Val_28_26,Val_28_27,Val_28_28,Val_28_29,Val_28_30,Val_28_31,Val_28_32,Val_28_33,Val_28_34,Val_28_35,Val_28_36,Val_28_37,Val_28_38,Val_28_39,Val_28_40,Val_28_41,Val_28_42,Val_28_43,Val_28_44,Val_28_45,Val_28_46,Val_28_47,Val_28_48,Val_28_49,Val_28_50,Val_28_51,Val_28_52,Val_28_53,Val_28_54,Val_28_55,Val_28_56,Val_28_57,Val_28_58,Val_28_59,Val_28_60,Val_28_61,Val_28_62,Val_28_63,Val_28_64,Val_28_65,Val_28_66,Val_28_67,Val_28_68,Val_28_69,Val_28_70,Val_28_71,Val_28_72,Val_28_73,Val_28_74,Val_28_75,Val_28_76,Val_28_77,Val_28_78,Val_28_79,Val_28_80,Val_28_81,Val_28_82,Val_28_83,Val_28_84,Val_28_85,Val_28_86,Val_28_87,Val_28_88,Val_28_89,Val_28_90,Val_28_91,Val_28_92,Val_28_93,Val_28_94,Val_28_95,Val_28_96,Val_28_97,Val_28_98,Val_28_99,Val_28_100
Carl,Taylor,carl.taylor29@example.com,555-1029,741 Willow Pl,San Diego,CA,60029,Val_29_9,Val_29_10,Val_29_11,Val_29_12,Val_29_13,Val_29_14,Val_29_15,Val_29_16,Val_29_17,Val_29_18,Val_29_19,Val_29_20,Val_29_21,Val_29_22,Val_29_23,Val_29_24,Val_29_25,Val_29_26,Val_29_27,Val_29_28,Val_29_29,Val_29_30,Val_29_31,Val_29_32,Val_29_33,Val_29_34,Val_29_35,Val_29_36,Val_29_37,Val_29_38,Val_29_39,Val_29_40,Val_29_41,Val_29_42,Val_29_43,Val_29_44,Val_29_45,Val_29_46,Val_29_47,Val_29_48,Val_29_49,Val_29_50,Val_29_51,Val_29_52,Val_29_53,Val_29_54,Val_29_55,Val_29_56,Val_29_57,Val_29_58,Val_29_59,Val_29_60,Val_29_61,Val_29_62,Val_29_63,Val_29_64,Val_29_65,Val_29_66,Val_29_67,Val_29_68,Val_29_69,Val_29_70,Val_29_71,Val_29_72,Val_29_73,Val_29_74,Val_29_75,Val_29_76,Val_29_77,Val_29_78,Val_29_79,Val_29_80,Val_29_81,Val_29_82,Val_29_83,Val_29_84,Val_29_85,Val_29_86,Val_29_87,Val_29_88,Val_29_89,Val_29_90,Val_29_91,Val_29_92,Val_29_93,Val_29_94,Val_29_95,Val_29_96,Val_29_97,Val_29_98,Val_29_99,Val_29_100
Dora,Anderson,dora.anderson30@example.com,555-1030,123 Main St,Springfield,IL,60030,Val_30_9,Val_30_10,Val_30_11,Val_30_12,Val_30_13,Val_30_14,Val_30_15,Val_30_16,Val_30_17,Val_30_18,Val_30_19,Val_30_20,Val_30_21,Val_30_22,Val_30_23,Val_30_24,Val_30_25,Val_30_26,Val_30_27,Val_30_28,Val_30_29,Val_30_30,Val_30_31,Val_30_32,Val_30_33,Val_30_34,Val_30_35,Val_30_36,Val_30_37,Val_30_38,Val_30_39,Val_30_40,Val_30_41,Val_30_42,Val_30_43,Val_30_44,Val_30_45,Val_30_46,Val_30_47,Val_30_48,Val_30_49,Val_30_50,Val_30_51,Val_30_52,Val_30_53,Val_30_54,Val_30_55,Val_30_56,Val_30_57,Val_30_58,Val_30_59,Val_30_60,Val_30_61,Val_30_62,Val_30_63,Val_30_64,Val_30_65,Val_30_66,Val_30_67,Val_30_68,Val_30_69,Val_30_70,Val_30_71,Val_30_72,Val_30_73,Val_30_74,Val_30_75,Val_30_76,Val_30_77,Val_30_78,Val_30_79,Val_30_80,Val_30_81,Val_30_82,Val_30_83,Val_30_84,Val_30_85,Val_30_86,Val_30_87,Val_30_88,Val_30_89,Val_30_90,Val_30_91,Val_30_92,Val_30_93,Val_30_94,Val_30_95,Val_30_96,Val_30_97,Val_30_98,Val_30_99,Val_30_100
Evan,Thomas,evan.thomas31@example.com,555-1031,456 Oak Ave,Portland,OR,60031,Val_31_9,Val_31_10,Val_31_11,Val_31_12,Val_31_13,Val_31_14,Val_31_15,Val_31_16,Val_31_17,Val_31_18,Val_31_19,Val_31_20,Val_31_21,Val_31_22,Val_31_23,Val_31_24,Val_31_25,Val_31_26,Val_31_27,Val_31_28,Val_31_29,Val_31_30,Val_31_31,Val_31_32,Val_31_33,Val_31_34,Val_31_35,Val_31_36,Val_31_37,Val_31_38,Val_31_39,Val_31_40,Val_31_41,Val_31_42,Val_31_43,Val_31_44,Val_31_45,Val_31_46,Val_31_47,Val_31_48,Val_31_49,Val_31_50,Val_31_51,Val_31_52,Val_31_53,Val_31_54,Val_31_55,Val_31_56,Val_31_57,Val_31_58,Val_31_59,Val_31_60,Val_31_61,Val_31_62,Val_31_63,Val_31_64,Val_31_65,Val_31_66,Val_31_67,Val_31_68,Val_31_69,Val_31_70,Val_31_71,Val_31_72,Val_31_73,Val_31_74,Val_31_75,Val_31_76,Val_31_77,Val_31_78,Val_31_79,Val_31_80,Val_31_81,Val_31_82,Val_31_83,Val_31_84,Val_31_85,Val_31_86,Val_31_87,Val_31_88,Val_31_89,Val_31_90,Val_31_91,Val_31_92,Val_31_93,Val_31_94,Val_31_95,Val_31_96,Val_31_97,Val_31_98,Val_31_99,Val_31_100
Fiona,Jackson,fiona.jackson32@example.com,555-1032,789 Pine Rd,Denver,CO,60032,Val_32_9,Val_32_10,Val_32_11,Val_32_12,Val_32_13,Val_32_14,Val_32_15,Val_32_16,Val_32_17,Val_32_18,Val_32_19,Val_32_20,Val_32_21,Val_32_22,Val_32_23,Val_32_24,Val_32_25,Val_32_26,Val_32_27,Val_32_28,Val_32_29,Val_32_30,Val_32_31,Val_32_32,Val_32_33,Val_32_34,Val_32_35,Val_32_36,Val_32_37,Val_32_38,Val_32_39,Val_32_40,Val_32_41,Val_32_42,Val_32_43,Val_32_44,Val_32_45,Val_32_46,Val_32_47,Val_32_48,Val_32_49,Val_32_50,Val_32_51,Val_32_52,Val_32_53,Val_32_54,Val_32_55,Val_32_56,Val_32_57,Val_32_58,Val_32_59,Val_32_60,Val_32_61,Val_32_62,Val_32_63,Val_32_64,Val_32_65,Val_32_66,Val_32_67,Val_32_68,Val_32_69,Val_32_70,Val_32_71,Val_32_72,Val_32_73,Val_32_74,Val_32_75,Val_32_76,Val_32_77,Val_32_78,Val_32_79,Val_32_80,Val_32_81,Val_32_82,Val_32_83,Val_32_84,Val_32_85,Val_32_86,Val_32_87,Val_32_88,Val_32_89,Val_32_90,Val_32_91,Val_32_92,Val_32_93,Val_32_94,Val_32_95,Val_32_96,Val_32_97,Val_32_98,Val_32_99,Val_32_100
Greg,White,greg.white33@example.com,555-1033,321 Elm St,Austin,TX,60033,Val_33_9,Val_33_10,Val_33_11,Val_33_12,Val_33_13,Val_33_14,Val_33_15,Val_33_16,Val_33_17,Val_33_18,Val_33_19,Val_33_20,Val_33_21,Val_33_22,Val_33_23,Val_33_24,Val_33_25,Val_33_26,Val_33_27,Val_33_28,Val_33_29,Val_33_30,Val_33_31,Val_33_32,Val_33_33,Val_33_34,Val_33_35,Val_33_36,Val_33_37,Val_33_38,Val_33_39,Val_33_40,Val_33_41,Val_33_42,Val_33_43,Val_33_44,Val_33_45,Val_33_46,Val_33_47,Val_33_48,Val_33_49,Val_33_50,Val_33_51,Val_33_52,Val_33_53,Val_33_54,Val_33_55,Val_33_56,Val_33_57,Val_33_58,Val_33_59,Val_33_60,Val_33_61,Val_33_62,Val_33_63,Val_33_64,Val_33_65,Val_33_66,Val_33_67,Val_33_68,Val_33_69,Val_33_70,Val_33_71,Val_33_72,Val_33_73,Val_33_74,Val_33_75,Val_33_76,Val_33_77,Val_33_78,Val_33_79,Val_33_80,Val_33_81,Val_33_82,Val_33_83,Val_33_84,Val_33_85,Val_33_86,Val_33_87,Val_33_88,Val_33_89,Val_33_90,Val_33_91,Val_33_92,Val_33_93,Val_33_94,Val_33_95,Val_33_96,Val_33_97,Val_33_98,Val_33_99,Val_33_100
Hannah,Harris,hannah.harris34@example.com,555-1034,654 Maple Dr,Seattle,WA,60034,Val_34_9,Val_34_10,Val_34_11,Val_34_12,Val_34_13,Val_34_14,Val_34_15,Val_34_16,Val_34_17,Val_34_18,Val_34_19,Val_34_20,Val_34_21,Val_34_22,Val_34_23,Val_34_24,Val_34_25,Val_34_26,Val_34_27,Val_34_28,Val_34_29,Val_34_30,Val_34_31,Val_34_32,Val_34_33,Val_34_34,Val_34_35,Val_34_36,Val_34_37,Val_34_38,Val_34_39,Val_34_40,Val_34_41,Val_34_42,Val_34_43,Val_34_44,Val_34_45,Val_34_46,Val_34_47,Val_34_48,Val_34_49,Val_34_50,Val_34_51,Val_34_52,Val_34_53,Val_34_54,Val_34_55,Val_34_56,Val_34_57,Val_34_58,Val_34_59,Val_34_60,Val_34_61,Val_34_62,Val_34_63,Val_34_64,Val_34_65,Val_34_66,Val_34_67,Val_34_68,Val_34_69,Val_34_70,Val_34_71,Val_34_72,Val_34_73,Val_34_74,Val_34_75,Val_34_76,Val_34_77,Val_34_78,Val_34_79,Val_34_80,Val_34_81,Val_34_82,Val_34_83,Val_34_84,Val_34_85,Val_34_86,Val_34_87,Val_34_88,Val_34_89,Val_34_90,Val_34_91,Val_34_92,Val_34_93,Val_34_94,Val_34_95,Val_34_96,Val_34_97,Val_34_98,Val_34_99,Val_34_100
Ivan,Martin,ivan.martin35@example.com,555-1035,987 Cedar Ln,Boston,MA,60035,Val_35_9,Val_35_10,Val_35_11,Val_35_12,Val_35_13,Val_35_14,Val_35_15,Val_35_16,Val_35_17,Val_35_18,Val_35_19,Val_35_20,Val_35_21,Val_35_22,Val_35_23,Val_35_24,Val_35_25,Val_35_26,Val_35_27,Val_35_28,Val_35_29,Val_35_30,Val_35_31,Val_35_32,Val_35_33,Val_35_34,Val_35_35,Val_35_36,Val_35_37,Val_35_38,Val_35_39,Val_35_40,Val_35_41,Val_35_42,Val_35_43,Val_35_44,Val_35_45,Val_35_46,Val_35_47,Val_35_48,Val_35_49,Val_35_50,Val_35_51,Val_35_52,Val_35_53,Val_35_54,Val_35_55,Val_35_56,Val_35_57,Val_35_58,Val_35_59,Val_35_60,Val_35_61,Val_35_62,Val_35_63,Val_35_64,Val_35_65,Val_35_66,Val_35_67,Val_35_68,Val_35_69,Val_35_70,Val_35_71,Val_35_72,Val_35_73,Val_35_74,Val_35_75,Val_35_76,Val_35_77,Val_35_78,Val_35_79,Val_35_80,Val_35_81,Val_35_82,Val_35_83,Val_35_84,Val_35_85,Val_35_86,Val_35_87,Val_35_88,Val_35_89,Val_35_90,Val_35_91,Val_35_92,Val_35_93,Val_35_94,Val_35_95,Val_35_96,Val_35_97,Val_35_98,Val_35_99,Val_35_100
Julia,Thompson,julia.thompson36@example.com,555-1036,147 Birch Way,Phoenix,AZ,60036,Val_36_9,Val_36_10,Val_36_11,Val_36_12,Val_36_13,Val_36_14,Val_36_15,Val_36_16,Val_36_17,Val_36_18,Val_36_19,Val_36_20,Val_36_21,Val_36_22,Val_36_23,Val_36_24,Val_36_25,Val_36_26,Val_36_27,Val_36_28,Val_36_29,Val_36_30,Val_36_31,Val_36_32,Val_36_33,Val_36_34,Val_36_35,Val_36_36,Val_36_37,Val_36_38,Val_36_39,Val_36_40,Val_36_41,Val_36_42,Val_36_43,Val_36_44,Val_36_45,Val_36_46,Val_36_47,Val_36_48,Val_36_49,Val_36_50,Val_36_51,Val_36_52,Val_36_53,Val_36_54,Val_36_55,Val_36_56,Val_36_57,Val_36_58,Val_36_59,Val_36_60,Val_36_61,Val_36_62,Val_36_63,Val_36_64,Val_36_65,Val_36_66,Val_36_67,Val_36_68,Val_36_69,Val_36_70,Val_36_71,Val_36_72,Val_36_73,Val_36_74,Val_36_75,Val_36_76,Val_36_77,Val_36_78,Val_36_79,Val_36_80,Val_36_81,Val_36_82,Val_36_83,Val_36_84,Val_36_85,Val_36_86,Val_36_87,Val_36_88,Val_36_89,Val_36_90,Val_36_91,Val_36_92,Val_36_93,Val_36_94,Val_36_95,Val_36_96,Val_36_97,Val_36_98,Val_36_99,Val_36_100
Kevin,Garcia,kevin.garcia37@example.com,555-1037,258 Spruce Ct,Miami,FL,60037,Val_37_9,Val_37_10,Val_37_11,Val_37_12,Val_37_13,Val_37_14,Val_37_15,Val_37_16,Val_37_17,Val_37_18,Val_37_19,Val_37_20,Val_37_21,Val_37_22,Val_37_23,Val_37_24,Val_37_25,Val_37_26,Val_37_27,Val_37_28,Val_37_29,Val_37_30,Val_37_31,Val_37_32,Val_37_33,Val_37_34,Val_37_35,Val_37_36,Val_37_37,Val_37_38,Val_37_39,Val_37_40,Val_37_41,Val_37_42,Val_37_43,Val_37_44,Val_37_45,Val_37_46,Val_37_47,Val_37_48,Val_37_49,Val_37_50,Val_37_51,Val_37_52,Val_37_53,Val_37_54,Val_37_55,Val_37_56,Val_37_57,Val_37_58,Val_37_59,Val_37_60,Val_37_61,Val_37_62,Val_37_63,Val_37_64,Val_37_65,Val_37_66,Val_37_67,Val_37_68,Val_37_69,Val_37_70,Val_37_71,Val_37_72,Val_37_73,Val_37_74,Val_37_75,Val_37_76,Val_37_77,Val_37_78,Val_37_79,Val_37_80,Val_37_81,Val_37_82,Val_37_83,Val_37_84,Val_37_85,Val_37_86,Val_37_87,Val_37_88,Val_37_89,Val_37_90,Val_37_91,Val_37_92,Val_37_93,Val_37_94,Val_37_95,Val_37_96,Val_37_97,Val_37_98,Val_37_99,Val_37_100
Luna,Martinez,luna.martinez38@example.com,555-1038,369 Ash Blvd,Atlanta,GA,60038,Val_38_9,Val_38_10,Val_38_11,Val_38_12,Val_38_13,Val_38_14,Val_38_15,Val_38_16,Val_38_17,Val_38_18,Val_38_19,Val_38_20,Val_38_21,Val_38_22,Val_38_23,Val_38_24,Val_38_25,Val_38_26,Val_38_27,Val_38_28,Val_38_29,Val_38_30,Val_38_31,Val_38_32,Val_38_33,Val_38_34,Val_38_35,Val_38_36,Val_38_37,Val_38_38,Val_38_39,Val_38_40,Val_38_41,Val_38_42,Val_38_43,Val_38_44,Val_38_45,Val_38_46,Val_38_47,Val_38_48,Val_38_49,Val_38_50,Val_38_51,Val_38_52,Val_38_53,Val_38_54,Val_38_55,Val_38_56,Val_38_57,Val_38_58,Val_38_59,Val_38_60,Val_38_61,Val_38_62,Val_38_63,Val_38_64,Val_38_65,Val_38_66,Val_38_67,Val_38_68,Val_38_69,Val_38_70,Val_38_71,Val_38_72,Val_38_73,Val_38_74,Val_38_75,Val_38_76,Val_38_77,Val_38_78,Val_38_79,Val_38_80,Val_38_81,Val_38_82,Val_38_83,Val_38_84,Val_38_85,Val_38_86,Val_38_87,Val_38_88,Val_38_89,Val_38_90,Val_38_91,Val_38_92,Val_38_93,Val_38_94,Val_38_95,Val_38_96,Val_38_97,Val_38_98,Val_38_99,Val_38_100
Mike,Robinson,mike.robinson39@example.com,555-1039,741 Willow Pl,Chicago,IL,60039,Val_39_9,Val_39_10,Val_39_11,Val_39_12,Val_39_13,Val_39_14,Val_39_15,Val_39_16,Val_39_17,Val_39_18,Val_39_19,Val_39_20,Val_39_21,Val_39_22,Val_39_23,Val_39_24,Val_39_25,Val_39_26,Val_39_27,Val_39_28,Val_39_29,Val_39_30,Val_39_31,Val_39_32,Val_39_33,Val_39_34,Val_39_35,Val_39_36,Val_39_37,Val_39_38,Val_39_39,Val_39_40,Val_39_41,Val_39_42,Val_39_43,Val_39_44,Val_39_45,Val_39_46,Val_39_47,Val_39_48,Val_39_49,Val_39_50,Val_39_51,Val_39_52,Val_39_53,Val_39_54,Val_39_55,Val_39_56,Val_39_57,Val_39_58,Val_39_59,Val_39_60,Val_39_61,Val_39_62,Val_39_63,Val_39_64,Val_39_65,Val_39_66,Val_39_67,Val_39_68,Val_39_69,Val_39_70,Val_39_71,Val_39_72,Val_39_73,Val_39_74,Val_39_75,Val_39_76,Val_39_77,Val_39_78,Val_39_79,Val_39_80,Val_39_81,Val_39_82,Val_39_83,Val_39_84,Val_39_85,Val_39_86,Val_39_87,Val_39_88,Val_39_89,Val_39_90,Val_39_91,Val_39_92,Val_39_93,Val_39_94,Val_39_95,Val_39_96,Val_39_97,Val_39_98,Val_39_99,Val_39_100
Nora,Doe,nora.doe40@example.com,555-1040,123 Main St,Dallas,TX,60040,Val_40_9,Val_40_10,Val_40_11,Val_40_12,Val_40_13,Val_40_14,Val_40_15,Val_40_16,Val_40_17,Val_40_18,Val_40_19,Val_40_20,Val_40_21,Val_40_22,Val_40_23,Val_40_24,Val_40_25,Val_40_26,Val_40_27,Val_40_28,Val_40_29,Val_40_30,Val_40_31,Val_40_32,Val_40_33,Val_40_34,Val_40_35,Val_40_36,Val_40_37,Val_40_38,Val_40_39,Val_40_40,Val_40_41,Val_40_42,Val_40_43,Val_40_44,Val_40_45,Val_40_46,Val_40_47,Val_40_48,Val_40_49,Val_40_50,Val_40_51,Val_40_52,Val_40_53,Val_40_54,Val_40_55,Val_40_56,Val_40_57,Val_40_58,Val_40_59,Val_40_60,Val_40_61,Val_40_62,Val_40_63,Val_40_64,Val_40_65,Val_40_66,Val_40_67,Val_40_68,Val_40_69,Val_40_70,Val_40_71,Val_40_72,Val_40_73,Val_40_74,Val_40_75,Val_40_76,Val_40_77,Val_40_78,Val_40_79,Val_40_80,Val_40_81,Val_40_82,Val_40_83,Val_40_84,Val_40_85,Val_40_86,Val_40_87,Val_40_88,Val_40_89,Val_40_90,Val_40_91,Val_40_92,Val_40_93,Val_40_94,Val_40_95,Val_40_96,Val_40_97,Val_40_98,Val_40_99,Val_40_100
Oscar,Smith,oscar.smith41@example.com,555-1041,456 Oak Ave,Houston,TX,60041,Val_41_9,Val_41_10,Val_41_11,Val_41_12,Val_41_13,Val_41_14,Val_41_15,Val_41_16,Val_41_17,Val_41_18,Val_41_19,Val_41_20,Val_41_21,Val_41_22,Val_41_23,Val_41_24,Val_41_25,Val_41_26,Val_41_27,Val_41_28,Val_41_29,Val_41_30,Val_41_31,Val_41_32,Val_41_33,Val_41_34,Val_41_35,Val_41_36,Val_41_37,Val_41_38,Val_41_39,Val_41_40,Val_41_41,Val_41_42,Val_41_43,Val_41_44,Val_41_45,Val_41_46,Val_41_47,Val_41_48,Val_41_49,Val_41_50,Val_41_51,Val_41_52,Val_41_53,Val_41_54,Val_41_55,Val_41_56,Val_41_57,Val_41_58,Val_41_59,Val_41_60,Val_41_61,Val_41_62,Val_41_63,Val_41_64,Val_41_65,Val_41_66,Val_41_67,Val_41_68,Val_41_69,Val_41_70,Val_41_71,Val_41_72,Val_41_73,Val_41_74,Val_41_75,Val_41_76,Val_41_77,Val_41_78,Val_41_79,Val_41_80,Val_41_81,Val_41_82,Val_41_83,Val_41_84,Val_41_85,Val_41_86,Val_41_87,Val_41_88,Val_41_89,Val_41_90,Val_41_91,Val_41_92,Val_41_93,Val_41_94,Val_41_95,Val_41_96,Val_41_97,Val_41_98,Val_41_99,Val_41_100
Penny,Johnson,penny.johnson42@example.com,555-1042,789 Pine Rd,Detroit,MI,60042,Val_42_9,Val_42_10,Val_42_11,Val_42_12,Val_42_13,Val_42_14,Val_42_15,Val_42_16,Val_42_17,Val_42_18,Val_42_19,Val_42_20,Val_42_21,Val_42_22,Val_42_23,Val_42_24,Val_42_25,Val_42_26,Val_42_27,Val_42_28,Val_42_29,Val_42_30,Val_42_31,Val_42_32,Val_42_33,Val_42_34,Val_42_35,Val_42_36,Val_42_37,Val_42_38,Val_42_39,Val_42_40,Val_42_41,Val_42_42,Val_42_43,Val_42_44,Val_42_45,Val_42_46,Val_42_47,Val_42_48,Val_42_49,Val_42_50,Val_42_51,Val_42_52,Val_42_53,Val_42_54,Val_42_55,Val_42_56,Val_42_57,Val_42_58,Val_42_59,Val_42_60,Val_42_61,Val_42_62,Val_42_63,Val_42_64,Val_42_65,Val_42_66,Val_42_67,Val_42_68,Val_42_69,Val_42_70,Val_42_71,Val_42_72,Val_42_73,Val_42_74,Val_42_75,Val_42_76,Val_42_77,Val_42_78,Val_42_79,Val_42_80,Val_42_81,Val_42_82,Val_42_83,Val_42_84,Val_42_85,Val_42_86,Val_42_87,Val_42_88,Val_42_89,Val_42_90,Val_42_91,Val_42_92,Val_42_93,Val_42_94,Val_42_95,Val_42_96,Val_42_97,Val_42_98,Val_42_99,Val_42_100
Quinn,Williams,quinn.williams43@example.com,555-1043,321 Elm St,Philadelphia,PA,60043,Val_43_9,Val_43_10,Val_43_11,Val_43_12,Val_43_13,Val_43_14,Val_43_15,Val_43_16,Val_43_17,Val_43_18,Val_43_19,Val_43_20,Val_43_21,Val_43_22,Val_43_23,Val_43_24,Val_43_25,Val_43_26,Val_43_27,Val_43_28,Val_43_29,Val_43_30,Val_43_31,Val_43_32,Val_43_33,Val_43_34,Val_43_35,Val_43_36,Val_43_37,Val_43_38,Val_43_39,Val_43_40,Val_43_41,Val_43_42,Val_43_43,Val_43_44,Val_43_45,Val_43_46,Val_43_47,Val_43_48,Val_43_49,Val_43_50,Val_43_51,Val_43_52,Val_43_53,Val_43_54,Val_43_55,Val_43_56,Val_43_57,Val_43_58,Val_43_59,Val_43_60,Val_43_61,Val_43_62,Val_43_63,Val_43_64,Val_43_65,Val_43_66,Val_43_67,Val_43_68,Val_43_69,Val_43_70,Val_43_71,Val_43_72,Val_43_73,Val_43_74,Val_43_75,Val_43_76,Val_43_77,Val_43_78,Val_43_79,Val_43_80,Val_43_81,Val_43_82,Val_43_83,Val_43_84,Val_43_85,Val_43_86,Val_43_87,Val_43_88,Val_43_89,Val_43_90,Val_43_91,Val_43_92,Val_43_93,Val_43_94,Val_43_95,Val_43_96,Val_43_97,Val_43_98,Val_43_99,Val_43_100
Ryan,Brown,ryan.brown44@example.com,555-1044,654 Maple Dr,San Diego,CA,60044,Val_44_9,Val_44_10,Val_44_11,Val_44_12,Val_44_13,Val_44_14,Val_44_15,Val_44_16,Val_44_17,Val_44_18,Val_44_19,Val_44_20,Val_44_21,Val_44_22,Val_44_23,Val_44_24,Val_44_25,Val_44_26,Val_44_27,Val_44_28,Val_44_29,Val_44_30,Val_44_31,Val_44_32,Val_44_33,Val_44_34,Val_44_35,Val_44_36,Val_44_37,Val_44_38,Val_44_39,Val_44_40,Val_44_41,Val_44_42,Val_44_43,Val_44_44,Val_44_45,Val_44_46,Val_44_47,Val_44_48,Val_44_49,Val_44_50,Val_44_51,Val_44_52,Val_44_53,Val_44_54,Val_44_55,Val_44_56,Val_44_57,Val_44_58,Val_44_59,Val_44_60,Val_44_61,Val_44_62,Val_44_63,Val_44_64,Val_44_65,Val_44_66,Val_44_67,Val_44_68,Val_44_69,Val_44_70,Val_44_71,Val_44_72,Val_44_73,Val_44_74,Val_44_75,Val_44_76,Val_44_77,Val_44_78,Val_44_79,Val_44_80,Val_44_81,Val_44_82,Val_44_83,Val_44_84,Val_44_85,Val_44_86,Val_44_87,Val_44_88,Val_44_89,Val_44_90,Val_44_91,Val_44_92,Val_44_93,Val_44_94,Val_44_95,Val_44_96,Val_44_97,Val_44_98,Val_44_99,Val_44_100
Sara,Davis,sara.davis45@example.com,555-1045,987 Cedar Ln,Springfield,IL,60045,Val_45_9,Val_45_10,Val_45_11,Val_45_12,Val_45_13,Val_45_14,Val_45_15,Val_45_16,Val_45_17,Val_45_18,Val_45_19,Val_45_20,Val_45_21,Val_45_22,Val_45_23,Val_45_24,Val_45_25,Val_45_26,Val_45_27,Val_45_28,Val_45_29,Val_45_30,Val_45_31,Val_45_32,Val_45_33,Val_45_34,Val_45_35,Val_45_36,Val_45_37,Val_45_38,Val_45_39,Val_45_40,Val_45_41,Val_45_42,Val_45_43,Val_45_44,Val_45_45,Val_45_46,Val_45_47,Val_45_48,Val_45_49,Val_45_50,Val_45_51,Val_45_52,Val_45_53,Val_45_54,Val_45_55,Val_45_56,Val_45_57,Val_45_58,Val_45_59,Val_45_60,Val_45_61,Val_45_62,Val_45_63,Val_45_64,Val_45_65,Val_45_66,Val_45_67,Val_45_68,Val_45_69,Val_45_70,Val_45_71,Val_45_72,Val_45_73,Val_45_74,Val_45_75,Val_45_76,Val_45_77,Val_45_78,Val_45_79,Val_45_80,Val_45_81,Val_45_82,Val_45_83,Val_45_84,Val_45_85,Val_45_86,Val_45_87,Val_45_88,Val_45_89,Val_45_90,Val_45_91,Val_45_92,Val_45_93,Val_45_94,Val_45_95,Val_45_96,Val_45_97,Val_45_98,Val_45_99,Val_45_100
Ted,Miller,ted.miller46@example.com,555-1046,147 Birch Way,Portland,OR,60046,Val_46_9,Val_46_10,Val_46_11,Val_46_12,Val_46_13,Val_46_14,Val_46_15,Val_46_16,Val_46_17,Val_46_18,Val_46_19,Val_46_20,Val_46_21,Val_46_22,Val_46_23,Val_46_24,Val_46_25,Val_46_26,Val_46_27,Val_46_28,Val_46_29,Val_46_30,Val_46_31,Val_46_32,Val_46_33,Val_46_34,Val_46_35,Val_46_36,Val_46_37,Val_46_38,Val_46_39,Val_46_40,Val_46_41,Val_46_42,Val_46_43,Val_46_44,Val_46_45,Val_46_46,Val_46_47,Val_46_48,Val_46_49,Val_46_50,Val_46_51,Val_46_52,Val_46_53,Val_46_54,Val_46_55,Val_46_56,Val_46_57,Val_46_58,Val_46_59,Val_46_60,Val_46_61,Val_46_62,Val_46_63,Val_46_64,Val_46_65,Val_46_66,Val_46_67,Val_46_68,Val_46_69,Val_46_70,Val_46_71,Val_46_72,Val_46_73,Val_46_74,Val_46_75,Val_46_76,Val_46_77,Val_46_78,Val_46_79,Val_46_80,Val_46_81,Val_46_82,Val_46_83,Val_46_84,Val_46_85,Val_46_86,Val_46_87,Val_46_88,Val_46_89,Val_46_90,Val_46_91,Val_46_92,Val_46_93,Val_46_94,Val_46_95,Val_46_96,Val_46_97,Val_46_98,Val_46_99,Val_46_100
Ursula,Wilson,ursula.wilson47@example.com,555-1047,258 Spruce Ct,Denver,CO,60047,Val_47_9,Val_47_10,Val_47_11,Val_47_12,Val_47_13,Val_47_14,Val_47_15,Val_47_16,Val_47_17,Val_47_18,Val_47_19,Val_47_20,Val_47_21,Val_47_22,Val_47_23,Val_47_24,Val_47_25,Val_47_26,Val_47_27,Val_47_28,Val_47_29,Val_47_30,Val_47_31,Val_47_32,Val_47_33,Val_47_34,Val_47_35,Val_47_36,Val_47_37,Val_47_38,Val_47_39,Val_47_40,Val_47_41,Val_47_42,Val_47_43,Val_47_44,Val_47_45,Val_47_46,Val_47_47,Val_47_48,Val_47_49,Val_47_50,Val_47_51,Val_47_52,Val_47_53,Val_47_54,Val_47_55,Val_47_56,Val_47_57,Val_47_58,Val_47_59,Val_47_60,Val_47_61,Val_47_62,Val_47_63,Val_47_64,Val_47_65,Val_47_66,Val_47_67,Val_47_68,Val_47_69,Val_47_70,Val_47_71,Val_47_72,Val_47_73,Val_47_74,Val_47_75,Val_47_76,Val_47_77,Val_47_78,Val_47_79,Val_47_80,Val_47_81,Val_47_82,Val_47_83,Val_47_84,Val_47_85,Val_47_86,Val_47_87,Val_47_88,Val_47_89,Val_47_90,Val_47_91,Val_47_92,Val_47_93,Val_47_94,Val_47_95,Val_47_96,Val_47_97,Val_47_98,Val_47_99,Val_47_100
Vince,Moore,vince.moore48@example.com,555-1048,369 Ash Blvd,Austin,TX,60048,Val_48_9,Val_48_10,Val_48_11,Val_48_12,Val_48_13,Val_48_14,Val_48_15,Val_48_16,Val_48_17,Val_48_18,Val_48_19,Val_48_20,Val_48_21,Val_48_22,Val_48_23,Val_48_24,Val_48_25,Val_48_26,Val_48_27,Val_48_28,Val_48_29,Val_48_30,Val_48_31,Val_48_32,Val_48_33,Val_48_34,Val_48_35,Val_48_36,Val_48_37,Val_48_38,Val_48_39,Val_48_40,Val_48_41,Val_48_42,Val_48_43,Val_48_44,Val_48_45,Val_48_46,Val_48_47,Val_48_48,Val_48_49,Val_48_50,Val_48_51,Val_48_52,Val_48_53,Val_48_54,Val_48_55,Val_48_56,Val_48_57,Val_48_58,Val_48_59,Val_48_60,Val_48_61,Val_48_62,Val_48_63,Val_48_64,Val_48_65,Val_48_66,Val_48_67,Val_48_68,Val_48_69,Val_48_70,Val_48_71,Val_48_72,Val_48_73,Val_48_74,Val_48_75,Val_48_76,Val_48_77,Val_48_78,Val_48_79,Val_48_80,Val_48_81,Val_48_82,Val_48_83,Val_48_84,Val_48_85,Val_48_86,Val_48_87,Val_48_88,Val_48_89,Val_48_90,Val_48_91,Val_48_92,Val_48_93,Val_48_94,Val_48_95,Val_48_96,Val_48_97,Val_48_98,Val_48_99,Val_48_100
Will,Taylor,will.taylor49@example.com,555-1049,741 Willow Pl,Seattle,WA,60049,Val_49_9,Val_49_10,Val_49_11,Val_49_12,Val_49_13,Val_49_14,Val_49_15,Val_49_16,Val_49_17,Val_49_18,Val_49_19,Val_49_20,Val_49_21,Val_49_22,Val_49_23,Val_49_24,Val_49_25,Val_49_26,Val_49_27,Val_49_28,Val_49_29,Val_49_30,Val_49_31,Val_49_32,Val_49_33,Val_49_34,Val_49_35,Val_49_36,Val_49_37,Val_49_38,Val_49_39,Val_49_40,Val_49_41,Val_49_42,Val_49_43,Val_49_44,Val_49_45,Val_49_46,Val_49_47,Val_49_48,Val_49_49,Val_49_50,Val_49_51,Val_49_52,Val_49_53,Val_49_54,Val_49_55,Val_49_56,Val_49_57,Val_49_58,Val_49_59,Val_49_60,Val_49_61,Val_49_62,Val_49_63,Val_49_64,Val_49_65,Val_49_66,Val_49_67,Val_49_68,Val_49_69,Val_49_70,Val_49_71,Val_49_72,Val_49_73,Val_49_74,Val_49_75,Val_49_76,Val_49_77,Val_49_78,Val_49_79,Val_49_80,Val_49_81,Val_49_82,Val_49_83,Val_49_84,Val_49_85,Val_49_86,Val_49_87,Val_49_88,Val_49_89,Val_49_90,Val_49_91,Val_49_92,Val_49_93,Val_49_94,Val_49_95,Val_49_96,Val_49_97,Val_49_98,Val_49_99,Val_49_100